{"model":{"version":3,"nodes":[{"name":"RootNode","position":[0,0,0],"rotation":[0,0,0],"scale":[0.01,0.01,0.01],"scaleCompensation":false},{"name":"SM_Env_Rock_016","position":[200,0,-200],"rotation":[9.33467e-06,-0,0],"scale":[6.18529,20.7698,5.92773],"scaleCompensation":false}],"parents":[-1,0],"skins":[],"morphs":[],"vertices":[{"position":{"type":"float32","components":3,"data":[-15.9241,6.89829,15.9238,2.09668,12.1134,24.1571,-5.12695,19.1857,20.8568,-28.6519,0,-2.04688,3.77271,0,-3.10522,-19.8958,0,19.8956,2.61963,0,30.1824,28.6514,0,-2.04688,22.9316,14.4005,-1.63831,19.8955,0,19.8956,19.8955,0,19.8956,22.9316,14.4005,-1.63831,15.9236,13.6223,15.9238,22.9316,14.4005,-1.63831,20.1199,22.3703,5.40808,15.9236,13.6223,15.9238,-28.6519,0,-2.04688,-19.8958,0,19.8956,-22.9321,4.82608,-1.63831,-22.9321,4.82608,-1.63831,-19.8958,0,19.8956,-15.9241,6.89829,15.9238,-28.6519,0,-2.04688,-22.9321,4.82608,-1.63831,-19.8958,0,-19.8955,-17.3638,16.8752,-12.9893,-15.9241,15.1474,-15.9238,-22.9321,4.82608,-1.63831,-19.8958,0,-19.8955,-22.9321,4.82608,-1.63831,-15.9241,15.1474,-15.9238,2.61963,0,-30.1823,-19.8958,0,-19.8955,2.61963,0,-30.1823,2.09668,13.2734,-24.157,19.8955,0,-19.8955,2.09668,13.2734,-24.157,6.29932,15.9017,-21.6546,19.8955,0,-19.8955,6.29932,15.9017,-21.6546,15.9236,10.7042,-15.9238,19.8955,0,-19.8955,19.8955,0,-19.8955,28.6514,0,-2.04688,19.8955,0,19.8956,-3.84521,22.4349,17.0867,2.44849,22.4349,14.0033,-9.78394,22.4349,-2.06744,3.01953,22.4349,-2.48535,22.9316,14.4005,-1.63831,28.6514,0,-2.04688,15.9236,10.7042,-15.9238,15.9236,10.7042,-15.9238,28.6514,0,-2.04688,19.8955,0,-19.8955,14.4661,22.4349,-1.99841,6.66333,22.4349,-12.3408,2.65234,22.4349,-11.11,-17.3638,16.8752,-12.9893,-11.2637,22.4349,-6.83997,-9.78394,22.4349,-2.06744,-5.12695,19.1857,20.8568,-3.84521,22.4349,17.0867,-15.9241,15.1474,-15.9238,2.09668,13.2734,-24.157,-19.8958,0,-19.8955,-19.8958,0,-19.8955,2.09668,13.2734,-24.157,2.61963,0,-30.1823,-11.2637,22.4349,-6.83997,20.0374,22.4349,5.38605,15.9236,13.6223,15.9238,2.09668,12.1134,24.1571,19.8955,0,19.8956,19.8955,0,19.8956,2.09668,12.1134,24.1571,2.61963,0,30.1824,6.29932,15.9017,-21.6546,6.66333,22.4349,-12.3408,15.9236,10.7042,-15.9238,14.4661,22.4349,-1.99841,22.9316,14.4005,-1.63831,20.1199,22.3703,5.40808,20.0374,22.4349,5.38605,6.66333,22.4349,-12.3408,6.29932,15.9017,-21.6546,2.65234,22.4349,-11.11,-11.2637,22.4349,-6.83997,-17.3638,16.8752,-12.9893,-15.9241,15.1474,-15.9238,2.09668,13.2734,-24.157,20.1199,22.3703,5.40808,20.0374,22.4349,5.38605,15.9236,13.6223,15.9238,2.44849,22.4349,14.0033,2.09668,12.1134,24.1571,-3.84521,22.4349,17.0867,-5.12695,19.1857,20.8568,-19.8958,0,19.8956,2.61963,0,30.1824,-15.9241,6.89829,15.9238,-15.9241,6.89829,15.9238,2.61963,0,30.1824,2.09668,12.1134,24.1571]},"normal":{"type":"float32","components":3,"data":[-0.415561,3.83492e-06,0.909565,-0.415561,3.83492e-06,0.909565,-0.415561,3.83492e-06,0.909565,0,-1,0,0,-1,0,0,-1,0,0,-1,0,0.87433,0.337377,0.34889,0.87433,0.337377,0.34889,0.87433,0.337377,0.34889,0.862271,0.356343,0.359873,0.862271,0.356343,0.359873,0.862271,0.356343,0.359873,0.928783,-5.06667e-06,0.370625,0.928783,-5.06667e-06,0.370625,0.928783,-5.06667e-06,0.370625,-0.63437,0.730406,0.253145,-0.63437,0.730406,0.253145,-0.63437,0.730406,0.253145,-0.77498,0.584524,0.240286,-0.774976,0.584533,0.240278,-0.77498,0.584527,0.240281,-0.603521,0.74034,-0.296073,-0.603521,0.74034,-0.296073,-0.603521,0.74034,-0.296073,-0.897782,-1.99361e-05,-0.44044,-0.897782,-1.99361e-05,-0.44044,-0.897782,-1.99361e-05,-0.44044,-0.923687,0.303508,-0.233848,-0.923687,0.303508,-0.233848,-0.923687,0.303508,-0.233848,0,-1,0,0,-1,0,0.47334,0.379498,-0.79494,0.47334,0.379498,-0.79494,0.47334,0.379498,-0.79494,0.386576,0.231779,-0.892658,0.386576,0.231779,-0.892658,0.386576,0.231779,-0.892658,0.624654,0.464659,-0.627614,0.624654,0.464659,-0.627614,0.624654,0.464659,-0.627614,0,-1,0,0,-1,0,0,-1,0,-5.26186e-07,1,0,-2.95483e-07,1,2.95926e-08,-3.06605e-07,1,3.30544e-07,-8.54505e-08,1,1.68372e-07,0.808769,0.334951,-0.483426,0.808769,0.334951,-0.483426,0.808769,0.334951,-0.483426,0.804114,0.444742,-0.394468,0.804114,0.444742,-0.394468,0.804114,0.444742,-0.394468,0,1,1.34149e-07,0,1,0,0,1,2.10215e-07,-0.774976,0.584523,0.240303,-0.774979,0.584522,0.240293,-0.774982,0.584522,0.240284,-0.774983,0.584522,0.240283,-0.774983,0.584522,0.240282,-0.364946,0.3245,-0.872648,-0.364946,0.3245,-0.872648,-0.364946,0.3245,-0.872648,-0.386301,0.368592,-0.845524,-0.386301,0.368592,-0.845524,-0.386301,0.368592,-0.845524,-1.67227e-07,1,4.97286e-07,0,1,6.63875e-08,0.445772,0.367905,0.816047,0.445772,0.367905,0.816047,0.445772,0.367905,0.816047,0.466645,0.409958,0.783694,0.466645,0.409958,0.783694,0.466645,0.409958,0.783694,0.619072,0.631353,-0.467058,0.619073,0.631353,-0.467056,0.619072,0.631354,-0.467057,0.61907,0.631355,-0.467058,0.619069,0.631355,-0.467059,0.619066,0.63136,-0.467056,0.619064,0.631368,-0.467048,-0.172193,0.809596,-0.561162,-0.172188,0.8096,-0.561158,-0.17219,0.809598,-0.561161,-0.172189,0.809601,-0.561157,-0.172188,0.809599,-0.561159,-0.172188,0.809599,-0.56116,-0.172186,0.809604,-0.561154,0.332324,0.655625,0.678025,0.332263,0.655654,0.678026,0.332184,0.655693,0.678027,0.332183,0.655693,0.678028,0.332181,0.655693,0.678029,0.332179,0.655693,0.67803,0.332174,0.655692,0.678033,-0.330384,0.606568,0.723133,-0.330384,0.606568,0.723133,-0.330384,0.606568,0.723133,-0.472883,0.375961,0.79689,-0.472883,0.375961,0.79689,-0.472883,0.375961,0.79689]},"texCoord0":{"type":"float32","components":2,"data":[0.943115,0.502156,0.943115,0.502157,0.943115,0.502155,0.943115,0.502157,0.943115,0.502157,0.943115,0.502157,0.943115,0.502157,0.943115,0.502157,0.943115,0.502157,0.943115,0.502157,0.943115,0.502157,0.943115,0.502157,0.943115,0.502157,0.943115,0.502157,0.943115,0.502155,0.943115,0.502157,0.943115,0.502157,0.943115,0.502157,0.943115,0.502157,0.943115,0.502157,0.943115,0.502157,0.943115,0.502156,0.943115,0.502157,0.943115,0.502157,0.943115,0.502157,0.943115,0.502156,0.943115,0.502157,0.943115,0.502157,0.943115,0.502157,0.943115,0.502157,0.943115,0.502157,0.943115,0.502157,0.943115,0.502157,0.943115,0.502157,0.943115,0.502157,0.943115,0.502157,0.943115,0.502157,0.943115,0.502157,0.943115,0.502157,0.943115,0.502157,0.943115,0.502157,0.943115,0.502157,0.943115,0.502157,0.943115,0.502157,0.943115,0.502157,0.943115,0.502155,0.943115,0.502155,0.943115,0.502155,0.943115,0.502155,0.943115,0.502157,0.943115,0.502157,0.943115,0.502157,0.943115,0.502157,0.943115,0.502157,0.943115,0.502157,0.943115,0.502155,0.943115,0.502155,0.943115,0.502155,0.943115,0.502156,0.943115,0.502155,0.943115,0.502155,0.943115,0.502155,0.943115,0.502155,0.943115,0.502157,0.943115,0.502157,0.943115,0.502157,0.943115,0.502157,0.943115,0.502157,0.943115,0.502157,0.943115,0.502155,0.943115,0.502155,0.943115,0.502157,0.943115,0.502157,0.943115,0.502157,0.943115,0.502157,0.943115,0.502157,0.943115,0.502157,0.943115,0.502157,0.943115,0.502155,0.943115,0.502157,0.943115,0.502155,0.943115,0.502157,0.943115,0.502155,0.943115,0.502155,0.943115,0.502155,0.943115,0.502157,0.943115,0.502155,0.943115,0.502155,0.943115,0.502156,0.943115,0.502157,0.943115,0.502157,0.943115,0.502155,0.943115,0.502155,0.943115,0.502157,0.943115,0.502155,0.943115,0.502157,0.943115,0.502155,0.943115,0.502155,0.943115,0.502157,0.943115,0.502157,0.943115,0.502156,0.943115,0.502156,0.943115,0.502157,0.943115,0.502157]}}],"meshes":[{"aabb":{"min":[-28.6519,0,-30.1823],"max":[28.6514,22.4349,30.1824]},"vertices":0,"indices":[0,1,2,3,4,5,5,4,6,7,8,9,10,11,12,13,14,15,16,17,18,19,20,21,22,23,24,25,26,27,28,29,30,31,4,32,32,4,3,33,34,35,36,37,38,39,40,41,31,42,4,4,42,43,6,4,44,44,4,43,45,46,47,47,46,48,49,50,51,52,53,54,55,56,48,48,56,57,58,19,59,59,19,60,19,21,60,61,62,21,21,62,60,63,64,65,66,67,68,57,69,48,48,69,47,46,70,48,48,70,55,71,72,73,74,75,76,77,78,79,78,80,79,79,80,81,81,80,82,83,82,80,84,85,86,87,86,88,88,86,89,86,85,89,89,85,90,91,92,93,92,94,93,93,94,95,94,96,95,97,95,96,98,99,100,101,102,103],