{"model":{"version":3,"nodes":[{"name":"RootNode","position":[0,0,0],"rotation":[0,0,0],"scale":[0.01,0.01,0.01],"scaleCompensation":false},{"name":"Circle","position":[0,0,0],"rotation":[180,-0,0],"scale":[0.028384,0.028384,0.0333582],"scaleCompensation":false}],"parents":[-1,0],"skins":[],"morphs":[],"vertices":[{"position":{"type":"float32","components":3,"data":[0.980785,-0.195089,0,-0.19509,0.980785,0,0.555569,0.83147,0,-0.980785,-0.19509,0,-0.980785,0.19509,0,-0.19509,-0.980785,0,0.707107,-0.707106,0,0.382684,-0.923879,0,-0.83147,0.55557,0,-0.55557,0.83147,0,0.382682,0.92388,0,0,1,0,0.195089,0.980786,0,0.831469,0.555571,0,0.707106,0.707108,0,0.923879,0.382684,0,0.980785,0.195091,0,1,1e-06,0,0.83147,-0.55557,0,0.92388,-0.382683,0,0.555571,-0.831469,0,0.195091,-0.980785,0,0,-1,0,-0.55557,-0.83147,0,-0.382683,-0.92388,0,-0.83147,-0.55557,0,-0.707107,-0.707107,0,-0.92388,-0.382683,0,-1,0,0,-0.92388,0.382683,0,-0.707107,0.707107,0,-0.382683,0.92388,0,-0.980785,-0.19509,0.926184,-0.55557,-0.83147,0.926184,-0.19509,-0.980785,0.926184,0.980785,-0.195089,0.926184,0.555569,0.83147,0.926184,-0.19509,0.980785,0.926184,-0.980785,0.19509,0.926184,0.382682,0.92388,0.926184,0,1,0.926184,-0.55557,0.83147,0.926184,-0.382683,0.92388,0.926184,-0.83147,0.55557,0.926184,-0.707107,0.707107,0.926184,-0.92388,0.382683,0.926184,-1,0,0.926184,-0.83147,-0.55557,0.926184,-0.92388,-0.382683,0.926184,-0.707107,-0.707107,0.926184,-0.382683,-0.92388,0.926184,0.382684,-0.923879,0.926184,0.707107,-0.707106,0.926184,0.195091,-0.980785,0.926184,0,-1,0.926184,0.555571,-0.831469,0.926184,0.83147,-0.55557,0.926184,0.92388,-0.382683,0.926184,0.980785,0.195091,0.926184,1,1e-06,0.926184,0.923879,0.382684,0.926184,0.831469,0.555571,0.926184,0.707106,0.707108,0.926184,0.195089,0.980786,0.926184,0.555571,-0.831469,0.926184,0.555571,-0.831469,0,0.707107,-0.707106,0.926184,0.707107,-0.707106,0,-0.92388,0.382683,0.926184,-0.92388,0.382683,0,-0.980785,0.19509,0.926184,-0.980785,0.19509,0,0.707107,-0.707106,0.926184,0.707107,-0.707106,0,0.83147,-0.55557,0.926184,0.83147,-0.55557,0,-0.980785,0.19509,0.926184,-0.980785,0.19509,0,-1,0,0.926184,-1,0,0,0.83147,-0.55557,0.926184,0.83147,-0.55557,0,0.92388,-0.382683,0.926184,0.92388,-0.382683,0,-1,0,0.926184,-1,0,0,-0.980785,-0.19509,0.926184,-0.980785,-0.19509,0,0.92388,-0.382683,0.926184,0.92388,-0.382683,0,0.980785,-0.195089,0.926184,0.980785,-0.195089,0,-0.980785,-0.19509,0.926184,-0.980785,-0.19509,0,-0.92388,-0.382683,0.926184,-0.92388,-0.382683,0,0.980785,-0.195089,0.926184,0.980785,-0.195089,0,1,1e-06,0.926184,1,1e-06,0,-0.92388,-0.382683,0.926184,-0.92388,-0.382683,0,-0.83147,-0.55557,0.926184,-0.83147,-0.55557,0,1,1e-06,0.926184,1,1e-06,0,0.980785,0.195091,0.926184,0.980785,0.195091,0,-0.83147,-0.55557,0.926184,-0.83147,-0.55557,0,-0.707107,-0.707107,0.926184,-0.707107,-0.707107,0,0.980785,0.195091,0.926184,0.980785,0.195091,0,0.923879,0.382684,0.926184,0.923879,0.382684,0,-0.707107,-0.707107,0.926184,-0.707107,-0.707107,0,-0.55557,-0.83147,0.926184,-0.55557,-0.83147,0,0.923879,0.382684,0.926184,0.923879,0.382684,0,0.831469,0.555571,0.926184,0.831469,0.555571,0,-0.55557,-0.83147,0.926184,-0.55557,-0.83147,0,-0.382683,-0.92388,0.926184,-0.382683,-0.92388,0,0,1,0.926184,0,1,0,-0.19509,0.980785,0.926184,-0.19509,0.980785,0,0.831469,0.555571,0.926184,0.831469,0.555571,0,0.707106,0.707108,0.926184,0.707106,0.707108,0,-0.382683,-0.92388,0.926184,-0.382683,-0.92388,0,-0.19509,-0.980785,0.926184,-0.19509,-0.980785,0,-0.19509,0.980785,0.926184,-0.19509,0.980785,0,-0.382683,0.92388,0.926184,-0.382683,0.92388,0,0.707106,0.707108,0.926184,0.707106,0.707108,0,0.555569,0.83147,0.926184,0.555569,0.83147,0,-0.19509,-0.980785,0.926184,-0.19509,-0.980785,0,0,-1,0.926184,0,-1,0,-0.382683,0.92388,0.926184,-0.382683,0.92388,0,-0.55557,0.83147,0.926184,-0.55557,0.83147,0,0.555569,0.83147,0.926184,0.555569,0.83147,0,0.382682,0.92388,0.926184,0.382682,0.92388,0,0,-1,0.926184,0,-1,0,0.195091,-0.980785,0.926184,0.195091,-0.980785,0,-0.55557,0.83147,0.926184,-0.55557,0.83147,0,-0.707107,0.707107,0.926184,-0.707107,0.707107,0,0.382682,0.92388,0.926184,0.382682,0.92388,0,0.195089,0.980786,0.926184,0.195089,0.980786,0,0.195091,-0.980785,0.926184,0.195091,-0.980785,0,0.382684,-0.923879,0.926184,0.382684,-0.923879,0,-0.707107,0.707107,0.926184,-0.707107,0.707107,0,-0.83147,0.55557,0.926184,-0.83147,0.55557,0,0.195089,0.980786,0.926184,0.195089,0.980786,0,0,1,0.926184,0,1,0,0.382684,-0.923879,0.926184,0.382684,-0.923879,0,0.555571,-0.831469,0.926184,0.555571,-0.831469,0,-0.83147,0.55557,0.926184,-0.83147,0.55557,0,-0.92388,0.382683,0.926184,-0.92388,0.382683,0]},"normal":{"type":"float32","components":3,"data":[0,0,-1,0,0,-1,0,0,-1,0,0,-1,0,0,-1,0,0,-1,0,0,-1,0,0,-1,0,0,-1,0,0,-1,0,0,-1,0,0,-1,0,0,-1,0,0,-1,0,0,-1,0,0,-1,0,0,-1,0,0,-1,0,0,-1,0,0,-1,0,0,-1,0,0,-1,0,0,-1,0,0,-1,0,0,-1,0,0,-1,0,0,-1,0,0,-1,0,0,-1,0,0,-1,0,0,-1,0,0,-1,0,0,1,0,0,1,0,0,1,0,0,1,0,0,1,0,0,1,0,0,1,0,0,1,0,0,1,0,0,1,0,0,1,0,0,1,0,0,1,0,0,1,0,0,1,0,0,1,0,0,1,0,0,1,0,0,1,0,0,1,0,0,1,0,0,1,0,0,1,0,0,1,0,0,1,0,0,1,0,0,1,0,0,1,0,0,1,0,0,1,0,0,1,0,0,1,0.634394,-0.77301,0,0.634394,-0.77301,0,0.634394,-0.77301,0,0.634394,-0.77301,0,-0.95694,0.290285,0,-0.95694,0.290285,0,-0.95694,0.290285,0,-0.95694,0.290285,0,0.773011,-0.634393,0,0.773011,-0.634393,0,0.773011,-0.634393,0,0.773011,-0.634393,0,-0.995185,0.098017,0,-0.995185,0.098017,0,-0.995185,0.098017,0,-0.995185,0.098017,0,0.881922,-0.471396,0,0.881922,-0.471396,0,0.881922,-0.471396,0,0.881922,-0.471396,0,-0.995185,-0.098017,0,-0.995185,-0.098017,0,-0.995185,-0.098017,0,-0.995185,-0.098017,0,0.956941,-0.290284,0,0.956941,-0.290284,0,0.956941,-0.290284,0,0.956941,-0.290284,0,-0.95694,-0.290285,0,-0.95694,-0.290285,0,-0.95694,-0.290285,0,-0.95694,-0.290285,0,0.995185,-0.098016,0,0.995185,-0.098016,0,0.995185,-0.098016,0,0.995185,-0.098016,0,-0.881922,-0.471396,0,-0.881922,-0.471396,0,-0.881922,-0.471396,0,-0.881922,-0.471396,0,0.995185,0.098018,0,0.995185,0.098018,0,0.995185,0.098018,0,0.995185,0.098018,0,-0.77301,-0.634394,0,-0.77301,-0.634394,0,-0.77301,-0.634394,0,-0.77301,-0.634394,0,0.95694,0.290286,0,0.95694,0.290286,0,0.95694,0.290286,0,0.95694,0.290286,0,-0.634393,-0.77301,0,-0.634393,-0.77301,0,-0.634393,-0.77301,0,-0.634393,-0.77301,0,0.881921,0.471398,0,0.881921,0.471398,0,0.881921,0.471398,0,0.881921,0.471398,0,-0.471397,-0.881921,0,-0.471397,-0.881921,0,-0.471397,-0.881921,0,-0.471397,-0.881921,0,-0.098017,0.995185,0,-0.098017,0.995185,0,-0.098017,0.995185,0,-0.098017,0.995185,0,0.77301,0.634394,0,0.77301,0.634394,0,0.77301,0.634394,0,0.77301,0.634394,0,-0.290284,-0.95694,0,-0.290284,-0.95694,0,-0.290284,-0.95694,0,-0.290284,-0.95694,0,-0.290285,0.95694,0,-0.290285,0.95694,0,-0.290285,0.95694,0,-0.290285,0.95694,0,0.634392,0.773011,0,0.634392,0.773011,0,0.634392,0.773011,0,0.634392,0.773011,0,-0.098017,-0.995185,0,-0.098017,-0.995185,0,-0.098017,-0.995185,0,-0.098017,-0.995185,0,-0.471397,0.881921,0,-0.471397,0.881921,0,-0.471397,0.881921,0,-0.471397,0.881921,0,0.471395,0.881922,0,0.471395,0.881922,0,0.471395,0.881922,0,0.471395,0.881922,0,0.098018,-0.995185,0,0.098018,-0.995185,0,0.098018,-0.995185,0,0.098018,-0.995185,0,-0.634394,0.77301,0,-0.634394,0.77301,0,-0.634394,0.77301,0,-0.634394,0.77301,0,0.290283,0.956941,0,0.290283,0.956941,0,0.290283,0.956941,0,0.290283,0.956941,0,0.290285,-0.95694,0,0.290285,-0.95694,0,0.290285,-0.95694,0,0.290285,-0.95694,0,-0.77301,0.634394,0,-0.77301,0.634394,0,-0.77301,0.634394,0,-0.77301,0.634394,0,0.098017,0.995185,0,0.098017,0.995185,0,0.098017,0.995185,0,0.098017,0.995185,0,0.471397,-0.881921,0,0.471397,-0.881921,0,0.471397,-0.881921,0,0.471397,-0.881921,0,-0.881921,0.471396,0,-0.881921,0.471396,0,-0.881921,0.471396,0,-0.881921,0.471396,0]}}],"meshes":[{"aabb":{"min":[-1,-1,0],"max":[1,1,0.926184]},"vertices":0,